签到月份,第1天,第2天,第3天,第4天,第5天,第6天,第7天,第8天,第9天,第10天,第11天,第12天,第13天,第14天,第15天,第16天,第17天,第18天,第19天,第20天,第21天,第22天,第23天,第24天,第25天,第26天,第27天,第28天,第29天,第30天,第31天
1,5|10|1,5|8|1,5|1001|1,5|1002|1,5|1003|1,5|1004|1,5|2001|1,5|2002|1,5|2003|1,5|2004|1,5|11|1,5|2101|1,5|2102|1,5|2103|1,5|2104|1,5|2201|1,5|2202|1,5|2203|1,5|2204|1,5|2301|1,3|0|100,5|2302|1,5|2303|1,5|2304|1,5|1011|1,5|1012|1,5|1013|1,5|1014|1,5|11|1,3|0|100,5|16|1
2,5|10|1,5|8|1,5|1001|1,5|1002|1,5|1003|1,5|1004|1,5|2001|1,5|2002|1,5|2003|1,5|2004|1,5|11|1,5|2101|1,5|2102|1,5|2103|1,5|2104|1,5|2201|1,5|2202|1,5|2203|1,5|2204|1,5|2301|1,3|0|100,5|2302|1,5|2303|1,5|2304|1,5|1011|1,5|1012|1,5|1013|1,5|1014|1,5|11|1,3|0|100,5|16|1
3,5|10|1,5|8|1,5|1001|1,5|1002|1,5|1003|1,5|1004|1,5|2001|1,5|2002|1,5|2003|1,5|2004|1,5|11|1,5|2101|1,5|2102|1,5|2103|1,5|2104|1,5|2201|1,5|2202|1,5|2203|1,5|2204|1,5|2301|1,3|0|100,5|2302|1,5|2303|1,5|2304|1,5|1011|1,5|1012|1,5|1013|1,5|1014|1,5|11|1,3|0|100,5|16|1
4,5|10|1,5|8|1,5|1001|1,5|1002|1,5|1003|1,5|1004|1,5|2001|1,5|2002|1,5|2003|1,5|2004|1,5|11|1,5|2101|1,5|2102|1,5|2103|1,5|2104|1,5|2201|1,5|2202|1,5|2203|1,5|2204|1,5|2301|1,3|0|100,5|2302|1,5|2303|1,5|2304|1,5|1011|1,5|1012|1,5|1013|1,5|1014|1,5|11|1,3|0|100,5|16|1
5,5|10|1,5|8|1,5|1001|1,5|1002|1,5|1003|1,5|1004|1,5|2001|1,5|2002|1,5|2003|1,5|2004|1,5|11|1,5|2101|1,5|2102|1,5|2103|1,5|2104|1,5|2201|1,5|2202|1,5|2203|1,5|2204|1,5|2301|1,3|0|100,5|2302|1,5|2303|1,5|2304|1,5|1011|1,5|1012|1,5|1013|1,5|1014|1,5|11|1,3|0|100,5|16|1
6,5|10|1,5|8|1,5|1001|1,5|1002|1,5|1003|1,5|1004|1,5|2001|1,5|2002|1,5|2003|1,5|2004|1,5|11|1,5|2101|1,5|2102|1,5|2103|1,5|2104|1,5|2201|1,5|2202|1,5|2203|1,5|2204|1,5|2301|1,3|0|100,5|2302|1,5|2303|1,5|2304|1,5|1011|1,5|1012|1,5|1013|1,5|1014|1,5|11|1,3|0|100,5|16|1
7,5|10|1,5|8|1,5|1001|1,5|1002|1,5|1003|1,5|1004|1,5|2001|1,5|2002|1,5|2003|1,5|2004|1,5|11|1,5|2101|1,5|2102|1,5|2103|1,5|2104|1,5|2201|1,5|2202|1,5|2203|1,5|2204|1,5|2301|1,3|0|100,5|2302|1,5|2303|1,5|2304|1,5|1011|1,5|1012|1,5|1013|1,5|1014|1,5|11|1,3|0|100,5|16|1
8,5|10|1,5|8|1,5|1001|1,5|1002|1,5|1003|1,5|1004|1,5|2001|1,5|2002|1,5|2003|1,5|2004|1,5|11|1,5|2101|1,5|2102|1,5|2103|1,5|2104|1,5|2201|1,5|2202|1,5|2203|1,5|2204|1,5|2301|1,3|0|100,5|2302|1,5|2303|1,5|2304|1,5|1011|1,5|1012|1,5|1013|1,5|1014|1,5|11|1,3|0|100,5|16|1
9,5|10|1,5|8|1,5|1001|1,5|1002|1,5|1003|1,5|1004|1,5|2001|1,5|2002|1,5|2003|1,5|2004|1,5|11|1,5|2101|1,5|2102|1,5|2103|1,5|2104|1,5|2201|1,5|2202|1,5|2203|1,5|2204|1,5|2301|1,3|0|100,5|2302|1,5|2303|1,5|2304|1,5|1011|1,5|1012|1,5|1013|1,5|1014|1,5|11|1,3|0|100,5|16|1
10,5|10|1,5|8|1,5|1001|1,5|1002|1,5|1003|1,5|1004|1,5|2001|1,5|2002|1,5|2003|1,5|2004|1,5|11|1,5|2101|1,5|2102|1,5|2103|1,5|2104|1,5|2201|1,5|2202|1,5|2203|1,5|2204|1,5|2301|1,3|0|100,5|2302|1,5|2303|1,5|2304|1,5|1011|1,5|1012|1,5|1013|1,5|1014|1,5|11|1,3|0|100,5|16|1
11,5|10|1,5|8|1,5|1001|1,5|1002|1,5|1003|1,5|1004|1,5|2001|1,5|2002|1,5|2003|1,5|2004|1,5|11|1,5|2101|1,5|2102|1,5|2103|1,5|2104|1,5|2201|1,5|2202|1,5|2203|1,5|2204|1,5|2301|1,3|0|100,5|2302|1,5|2303|1,5|2304|1,5|1011|1,5|1012|1,5|1013|1,5|1014|1,5|11|1,3|0|100,5|16|1
12,5|10|1,5|8|1,5|1001|1,5|1002|1,5|1003|1,5|1004|1,5|2001|1,5|2002|1,5|2003|1,5|2004|1,5|11|1,5|2101|1,5|2102|1,5|2103|1,5|2104|1,5|2201|1,5|2202|1,5|2203|1,5|2204|1,5|2301|1,3|0|100,5|2302|1,5|2303|1,5|2304|1,5|1011|1,5|1012|1,5|1013|1,5|1014|1,5|11|1,3|0|100,5|16|1